displayName,User Name,Full Name,mailNickname,userPrincipalName,Role,Short Role Description,mail,jobTitle,department,companyName,officeLocation,accountEnabled,userType,employeeId,employeeType,id,givenName,surname,otherMails,employeeHireDate,businessPhones,mobilePhone,faxNumber,streetAddress,city,state,postalCode,country,usageLocation,preferredLanguage,createdDateTime,lastPasswordChangeDateTime,onPremisesSamAccountName,onPremisesUserPrincipalName,onPremisesSyncEnabled,onPremisesLastSyncDateTime,licenseCount,planCount,S.no
Alexis Moore,AMOORE,Alexis Moore,amoore,amoore@infopaxidentity.onmicrosoft.com,ZC:S&D:SALES_ANALYST_____:1000,S&D - Sales Analyst - 1000 UK,,Sales & Marketing Analyst,Sales & Marketing,,,True,Member,,,0504bd35-574d-4a4e-b91d-20877488a014,Alexis,Moore,,,,,,,,Manchester,,Sales & Regional,GB,,2026-02-05T16:08:24Z,2026-02-05T16:08:24Z,,,,,0,0,1
Brogan Sadler,BSADLER,Brogan Sadler,bsadler,bsadler@infopaxidentity.onmicrosoft.com,ZC:DFE:WAREHOUSE_MANAGER_:2000,DFE - Warehouse Manager - 2000 US,,Manufacturing Territory Manager 1,Manufacturing,,,True,Member,,,098c6094-e4db-47dc-adfd-b7455a3e3dc3,Brogan,Sadler,,,,,,,,Nashville,,Manufacturing,US,,2026-02-05T16:08:25Z,2026-02-05T16:08:24Z,,,,,0,0,2
Carolyn Niles,CNILES,Carolyn Niles,cniles,cniles@infopaxidentity.onmicrosoft.com,ZC:DFE:WAREHOUSE_MANAGER_:2000,DFE - Warehouse Manager - 2000 US,,Manufacturing Territory Manager 2,Manufacturing,,,True,Member,,,dbea1b0f-8539-45e1-ac26-06a8a10c7aa4,Carolyn,Niles,,,,,,,,Boulder,,Manufacturing,US,,2026-02-05T16:08:24Z,2026-02-05T16:08:24Z,,,,,0,0,3
Deacon Bunker,DBUNKER,Deacon Bunker,dbunker,dbunker@infopaxidentity.onmicrosoft.com,ZC:DFE:WAREHOUSE_MANAGER_:2000,DFE - Warehouse Manager - 2000 US,,Manufacturing Territory Manager 1,Manufacturing,,,True,Member,,,c50ae991-d954-4573-be6a-e8a0ac9c3349,Deacon,Bunker,,,,,,,,Boulder,,Manufacturing,US,,2026-02-05T16:08:24Z,2026-02-05T16:08:24Z,,,,,0,0,4
Gary McDermott,GMCDERMOTT,Gary McDermott,gmcdermott,gmcdermott@infopaxidentity.onmicrosoft.com,ZC:DFE:WAREHOUSE_MANAGER_:2000,DFE - Warehouse Manager - 2000 US,,Manufacturing Territory Manager 2,Manufacturing,,,True,Member,,,6f7230cd-1e0f-47ee-a630-fddd2c7a76f5,Gary,McDermott,,,,,,,,Nashville,,Manufacturing,US,,2026-02-05T16:08:25Z,2026-02-05T16:08:25Z,,,,,0,0,5
Henry Ritchie,HRITCHIE,Henry Ritchie,hritchie,hritchie@infopaxidentity.onmicrosoft.com,ZC:DFE:WAREHOUSE_MANAGER_:2000,DFE - Warehouse Manager - 2000 US,,Manufacturing Territory Manager 4,Manufacturing,,,True,Member,,,8fcb596c-f16f-4a99-a766-522ad3c9a757,Henry,Ritchie,,,,,,,,Nashville,,Manufacturing,US,,2026-02-05T16:08:25Z,2026-02-05T16:08:25Z,,,,,0,0,6
Jillian Devlin,JDEVLIN,Jillian Devlin,jdevlin,jdevlin@infopaxidentity.onmicrosoft.com,ZC:S&D:SALES_ANALYST_____:2000,S&D - Sales Analyst - 2000 US,,Sales & Marketing Analyst,Sales & Marketing,,,True,Member,,,36058376-ce62-40da-8519-9d530f31c4f2,Jillian,Devlin,,,,,,,,New York,,Sales & Regional,US,,2026-02-05T16:08:23Z,2026-02-05T16:08:23Z,,,,,0,0,7
Jimi MacCalin,JMACCALIN,Jimi MacCalin,jmaccalin,jmaccalin@infopaxidentity.onmicrosoft.com,ZC:DFE:WAREHOUSE_MANAGER_:2000,DFE - Warehouse Manager - 2000 US,,Manufacturing Territory Manager 2,Manufacturing,,,True,Member,,,33cf67a8-ef3b-440d-8670-d146342f1926,Jimi,MacCalin,,,,,,,,Providence,,Manufacturing,US,,2026-02-05T16:08:24Z,2026-02-05T16:08:24Z,,,,,0,0,8
Jules Spencer,JSPENCER,Jules Spencer,jspencer,jspencer@infopaxidentity.onmicrosoft.com,ZC:DFE:WAREHOUSE_MANAGER_:2000,DFE - Warehouse Manager - 2000 US,,Manufacturing Territory Manager 1,Manufacturing,,,True,Member,,,0f8c9183-afaa-433c-9bf0-4b4ff19a59ef,Jules,Spencer,,,,,,,,Eugene,,Manufacturing,US,,2026-02-05T16:08:24Z,2026-02-05T16:08:24Z,,,,,0,0,9
Justin Martin,JUSTINMARTIN,Justin Martin,justinmartin,justinmartin@infopaxidentity.onmicrosoft.com,ZC:DFE:WAREHOUSE_MANAGER_:1000,DFE - Warehouse Manager - 1000 UK,,Manufacturing Territory Manager 1,Manufacturing,,,True,Member,,,1af98175-543e-48a3-a019-6bbd99b0e1cf,Justin,Martin,,,,,,,,Port Sunlight,,Manufacturing,GB,,2026-02-05T16:08:25Z,2026-02-05T16:08:25Z,,,,,0,0,10
Loren Bond,LBOND,Loren Bond,lbond,lbond@infopaxidentity.onmicrosoft.com,ZC:DFE:WAREHOUSE_MANAGER_:2000,DFE - Warehouse Manager - 2000 US,,Manufacturing Territory Manager 2,Manufacturing,,,True,Member,,,89638908-a474-4ed0-a1bf-becb66dd1c34,Loren,Bond,,,,,,,,Eugene,,Manufacturing,US,,2026-02-05T16:08:24Z,2026-02-05T16:08:24Z,,,,,0,0,11
Liam Seaward,LSEAWARD,Liam Seaward,lseaward,lseaward@infopaxidentity.onmicrosoft.com,ZC:DFE:WAREHOUSE_MANAGER_:2000,DFE - Warehouse Manager - 2000 US,,Manufacturing Territory Manager 1,Manufacturing,,,True,Member,,,9bc56297-7019-4872-b9c8-364998c4075a,Liam,Seaward,,,,,,,,Providence,,Manufacturing,US,,2026-02-05T16:08:24Z,2026-02-05T16:08:24Z,,,,,0,0,12
Philipp Junker,PJUNKER,Philipp Junker,pjunker,pjunker@infopaxidentity.onmicrosoft.com,ZC:P2P:PO_CREATOR________:1000,P2P - PO-Creator - 1000 UK,,Procurement & Supply Chain Analyst,Procurement & Supply Chain,,,True,Member,,,2e02af8d-c697-445f-a376-23d733d4fa24,Philipp,Junker,,,,,,,,London,,Corporate,GB,,2026-02-05T16:09:13Z,2026-02-05T16:09:13Z,,,,,0,0,13
Philipp Junker,PJUNKER,Philipp Junker,pjunker,pjunker@infopaxidentity.onmicrosoft.com,ZC:P2P:PO_RELEASER_______:1000,P2P - PO-Releaser - 1000 UK,,Procurement & Supply Chain Analyst,Procurement & Supply Chain,,,True,Member,,,2e02af8d-c697-445f-a376-23d733d4fa24,Philipp,Junker,,,,,,,,London,,Corporate,GB,,2026-02-05T16:09:13Z,2026-02-05T16:09:13Z,,,,,0,0,14
Pablo Ledesma,PLEDESMA,Pablo Ledesma,pledesma,pledesma@infopaxidentity.onmicrosoft.com,ZC:P2P:PO_CREATOR________:2000,P2P - PO-Creator - 2000 US,,Procurement & Supply Chain Analyst,Procurement & Supply Chain,,,True,Member,,,59464c9c-a55b-4ada-b9d3-0f36bb0dccf7,Pablo,Ledesma,,,,,,,,Louisville,,Manufacturing,US,,2026-02-05T16:09:13Z,2026-02-05T16:09:13Z,,,,,0,0,15
Pablo Ledesma,PLEDESMA,Pablo Ledesma,pledesma,pledesma@infopaxidentity.onmicrosoft.com,ZC:P2P:PO_RELEASER_______:2000,P2P - PO-Releaser - 2000 US,,Procurement & Supply Chain Analyst,Procurement & Supply Chain,,,True,Member,,,59464c9c-a55b-4ada-b9d3-0f36bb0dccf7,Pablo,Ledesma,,,,,,,,Louisville,,Manufacturing,US,,2026-02-05T16:09:13Z,2026-02-05T16:09:13Z,,,,,0,0,16
Pedro Lopez,PLOPEZ,Pedro Lopez,plopez,plopez@infopaxidentity.onmicrosoft.com,ZC:P2P:PO_CREATOR________:2000,P2P - PO-Creator - 2000 US,,Procurement & Supply Chain Analyst,Procurement & Supply Chain,,,True,Member,,,5a945f69-3dd4-4e66-a122-d851d064e10f,Pedro,Lopez,,,,,,,,Louisville,,Manufacturing,US,,2026-02-05T16:09:13Z,2026-02-05T16:09:13Z,,,,,0,0,17
Pedro Lopez,PLOPEZ,Pedro Lopez,plopez,plopez@infopaxidentity.onmicrosoft.com,ZC:P2P:PO_RELEASER_______:2000,P2P - PO-Releaser - 2000 US,,Procurement & Supply Chain Analyst,Procurement & Supply Chain,,,True,Member,,,5a945f69-3dd4-4e66-a122-d851d064e10f,Pedro,Lopez,,,,,,,,Louisville,,Manufacturing,US,,2026-02-05T16:09:13Z,2026-02-05T16:09:13Z,,,,,0,0,18
Peter Nilsson,PNILSSON,Peter Nilsson,pnilsson,pnilsson@infopaxidentity.onmicrosoft.com,ZC:P2P:PO_CREATOR________:2000,P2P - PO-Creator - 2000 US,,Procurement & Supply Chain Analyst,Procurement & Supply Chain,,,True,Member,,,af6f8fcb-2aea-489a-a418-3be6f46c2fc9,Peter,Nilsson,,,,,,,,Louisville,,Manufacturing,US,,2026-02-05T16:09:13Z,2026-02-05T16:09:13Z,,,,,0,0,19
Peter Nilsson,PNILSSON,Peter Nilsson,pnilsson,pnilsson@infopaxidentity.onmicrosoft.com,ZC:P2P:PO_RELEASER_______:2000,P2P - PO-Releaser - 2000 US,,Procurement & Supply Chain Analyst,Procurement & Supply Chain,,,True,Member,,,af6f8fcb-2aea-489a-a418-3be6f46c2fc9,Peter,Nilsson,,,,,,,,Louisville,,Manufacturing,US,,2026-02-05T16:09:13Z,2026-02-05T16:09:13Z,,,,,0,0,20
Pooja Sharma,POOJAS,Pooja Sharma,poojas,poojas@infopaxidentity.onmicrosoft.com,ZC:P2P:PO_CREATOR________:2000,P2P - PO-Creator - 2000 US,,Procurement & Supply Chain Analyst,Procurement & Supply Chain,,,True,Member,,,da019ad9-dd89-484a-a197-03639e7c50a2,Pooja,Sharma,,,,,,,,Boulder,,Manufacturing,US,,2026-02-05T16:09:13Z,2026-02-05T16:09:13Z,,,,,0,0,21
Pooja Sharma,POOJAS,Pooja Sharma,poojas,poojas@infopaxidentity.onmicrosoft.com,ZC:P2P:PO_RELEASER_______:2000,P2P - PO-Releaser - 2000 US,,Procurement & Supply Chain Analyst,Procurement & Supply Chain,,,True,Member,,,da019ad9-dd89-484a-a197-03639e7c50a2,Pooja,Sharma,,,,,,,,Boulder,,Manufacturing,US,,2026-02-05T16:09:13Z,2026-02-05T16:09:13Z,,,,,0,0,22
Pia Persson,PPERSSON,Pia Persson,ppersson,ppersson@infopaxidentity.onmicrosoft.com,ZC:P2P:PO_CREATOR________:2000,P2P - PO-Creator - 2000 US,,Procurement & Supply Chain Analyst,Procurement & Supply Chain,,,True,Member,,,99c3304b-add5-4656-a7b6-cb065630fc28,Pia,Persson,,,,,,,,Boulder,,Manufacturing,US,,2026-02-05T16:09:13Z,2026-02-05T16:09:13Z,,,,,0,0,23
Pia Persson,PPERSSON,Pia Persson,ppersson,ppersson@infopaxidentity.onmicrosoft.com,ZC:P2P:PO_RELEASER_______:2000,P2P - PO-Releaser - 2000 US,,Procurement & Supply Chain Analyst,Procurement & Supply Chain,,,True,Member,,,99c3304b-add5-4656-a7b6-cb065630fc28,Pia,Persson,,,,,,,,Boulder,,Manufacturing,US,,2026-02-05T16:09:13Z,2026-02-05T16:09:13Z,,,,,0,0,24
Simon Peter,PSIMON,Simon Peter,psimon,psimon@infopaxidentity.onmicrosoft.com,ZC:P2P:PO_CREATOR________:2000,P2P - PO-Creator - 2000 US,,Procurement & Supply Chain Analyst,Procurement & Supply Chain,,,True,Member,,,243459c3-8d85-4d05-b2af-0471642398b8,Simon,Peter,,,,,,,,Boulder,,Manufacturing,US,,2026-02-05T16:09:13Z,2026-02-05T16:09:13Z,,,,,0,0,25
Simon Peter,PSIMON,Simon Peter,psimon,psimon@infopaxidentity.onmicrosoft.com,ZC:P2P:PO_RELEASER_______:2000,P2P - PO-Releaser - 2000 US,,Procurement & Supply Chain Analyst,Procurement & Supply Chain,,,True,Member,,,243459c3-8d85-4d05-b2af-0471642398b8,Simon,Peter,,,,,,,,Boulder,,Manufacturing,US,,2026-02-05T16:09:13Z,2026-02-05T16:09:13Z,,,,,0,0,26
Peter Stauffacher,PSTAUFFACHER,Peter Stauffacher,pstauffacher,pstauffacher@infopaxidentity.onmicrosoft.com,ZC:P2P:PO_CREATOR________:2000,P2P - PO-Creator - 2000 US,,Procurement & Supply Chain Analyst,Procurement & Supply Chain,,,True,Member,,,04c8aeaf-d140-49f6-850a-3f07ef150110,Peter,Stauffacher,,,,,,,,Boulder,,Manufacturing,US,,2026-02-05T16:09:13Z,2026-02-05T16:09:13Z,,,,,0,0,27
Peter Stauffacher,PSTAUFFACHER,Peter Stauffacher,pstauffacher,pstauffacher@infopaxidentity.onmicrosoft.com,ZC:P2P:PO_RELEASER_______:2000,P2P - PO-Releaser - 2000 US,,Procurement & Supply Chain Analyst,Procurement & Supply Chain,,,True,Member,,,04c8aeaf-d140-49f6-850a-3f07ef150110,Peter,Stauffacher,,,,,,,,Boulder,,Manufacturing,US,,2026-02-05T16:09:13Z,2026-02-05T16:09:13Z,,,,,0,0,28
Paul Taylor,PTAYLOR,Paul Taylor,ptaylor,ptaylor@infopaxidentity.onmicrosoft.com,ZC:P2P:PO_CREATOR________:2000,P2P - PO-Creator - 2000 US,,Procurement & Supply Chain Analyst,Procurement & Supply Chain,,,True,Member,,,2771326e-9dd4-42ca-9e38-ae440bd928d4,Paul,Taylor,,,,,,,,Boulder,,Manufacturing,US,,2026-02-05T16:09:13Z,2026-02-05T16:09:13Z,,,,,0,0,29
Paul Taylor,PTAYLOR,Paul Taylor,ptaylor,ptaylor@infopaxidentity.onmicrosoft.com,ZC:P2P:PO_RELEASER_______:2000,P2P - PO-Releaser - 2000 US,,Procurement & Supply Chain Analyst,Procurement & Supply Chain,,,True,Member,,,2771326e-9dd4-42ca-9e38-ae440bd928d4,Paul,Taylor,,,,,,,,Boulder,,Manufacturing,US,,2026-02-05T16:09:13Z,2026-02-05T16:09:13Z,,,,,0,0,30
Philip White,PWHITE,Philip White,pwhite,pwhite@infopaxidentity.onmicrosoft.com,ZC:P2P:PO_CREATOR________:2000,P2P - PO-Creator - 2000 US,,Procurement & Supply Chain Analyst,Procurement & Supply Chain,,,True,Member,,,f00dab8b-bdc3-41ea-8dfe-8933ed169b1b,Philip,White,,,,,,,,Boulder,,Manufacturing,US,,2026-02-05T16:09:13Z,2026-02-05T16:09:13Z,,,,,0,0,31
Philip White,PWHITE,Philip White,pwhite,pwhite@infopaxidentity.onmicrosoft.com,ZC:P2P:PO_RELEASER_______:2000,P2P - PO-Releaser - 2000 US,,Procurement & Supply Chain Analyst,Procurement & Supply Chain,,,True,Member,,,f00dab8b-bdc3-41ea-8dfe-8933ed169b1b,Philip,White,,,,,,,,Boulder,,Manufacturing,US,,2026-02-05T16:09:13Z,2026-02-05T16:09:13Z,,,,,0,0,32
Peter Williams,PWILLIAMS,Peter Williams,pwilliams,pwilliams@infopaxidentity.onmicrosoft.com,ZC:P2P:PO_CREATOR________:2000,P2P - PO-Creator - 2000 US,,Procurement & Supply Chain Analyst,Procurement & Supply Chain,,,True,Member,,,b3f8f33f-e45a-4e18-b4a7-1c853d4e02ce,Peter,Williams,,,,,,,,Boulder,,Manufacturing,US,,2026-02-05T16:09:13Z,2026-02-05T16:09:13Z,,,,,0,0,33
Peter Williams,PWILLIAMS,Peter Williams,pwilliams,pwilliams@infopaxidentity.onmicrosoft.com,ZC:P2P:PO_RELEASER_______:2000,P2P - PO-Releaser - 2000 US,,Procurement & Supply Chain Analyst,Procurement & Supply Chain,,,True,Member,,,b3f8f33f-e45a-4e18-b4a7-1c853d4e02ce,Peter,Williams,,,,,,,,Boulder,,Manufacturing,US,,2026-02-05T16:09:13Z,2026-02-05T16:09:13Z,,,,,0,0,34
Peterw@bestrun Wong,PWONG,Peterw@bestrun Wong,pwong,pwong@infopaxidentity.onmicrosoft.com,ZC:P2P:PO_CREATOR________:2000,P2P - PO-Creator - 2000 US,,Procurement & Supply Chain Analyst,Procurement & Supply Chain,,,True,Member,,,a414b912-587e-4700-876a-1e775ec53f37,Peterw@bestrun,Wong,,,,,,,,Providence,,Manufacturing,US,,2026-02-05T16:09:13Z,2026-02-05T16:09:13Z,,,,,0,0,35
Peterw@bestrun Wong,PWONG,Peterw@bestrun Wong,pwong,pwong@infopaxidentity.onmicrosoft.com,ZC:P2P:PO_RELEASER_______:2000,P2P - PO-Releaser - 2000 US,,Procurement & Supply Chain Analyst,Procurement & Supply Chain,,,True,Member,,,a414b912-587e-4700-876a-1e775ec53f37,Peterw@bestrun,Wong,,,,,,,,Providence,,Manufacturing,US,,2026-02-05T16:09:13Z,2026-02-05T16:09:13Z,,,,,0,0,36
Robert Andersson,RANDERSSON,Robert Andersson,randersson,randersson@infopaxidentity.onmicrosoft.com,ZC:P2P:PO_CREATOR________:2000,P2P - PO-Creator - 2000 US,,Procurement & Supply Chain Analyst,Procurement & Supply Chain,,,True,Member,,,1cce6110-ad73-410b-8645-abe4f72f2190,Robert,Andersson,,,,,,,,Providence,,Manufacturing,US,,2026-02-05T16:09:13Z,2026-02-05T16:09:13Z,,,,,0,0,37
Robert Andersson,RANDERSSON,Robert Andersson,randersson,randersson@infopaxidentity.onmicrosoft.com,ZC:P2P:PO_RELEASER_______:2000,P2P - PO-Releaser - 2000 US,,Procurement & Supply Chain Analyst,Procurement & Supply Chain,,,True,Member,,,1cce6110-ad73-410b-8645-abe4f72f2190,Robert,Andersson,,,,,,,,Providence,,Manufacturing,US,,2026-02-05T16:09:13Z,2026-02-05T16:09:13Z,,,,,0,0,38
Rachel Aquino,RAQUINO,Rachel Aquino,raquino,raquino@infopaxidentity.onmicrosoft.com,ZC:P2P:PO_CREATOR________:2000,P2P - PO-Creator - 2000 US,,Procurement & Supply Chain Analyst,Procurement & Supply Chain,,,True,Member,,,7e46825e-77ec-4db6-9c35-70afec22c17e,Rachel,Aquino,,,,,,,,Providence,,Manufacturing,US,,2026-02-05T16:09:13Z,2026-02-05T16:09:13Z,,,,,0,0,39
Rachel Aquino,RAQUINO,Rachel Aquino,raquino,raquino@infopaxidentity.onmicrosoft.com,ZC:P2P:PO_RELEASER_______:2000,P2P - PO-Releaser - 2000 US,,Procurement & Supply Chain Analyst,Procurement & Supply Chain,,,True,Member,,,7e46825e-77ec-4db6-9c35-70afec22c17e,Rachel,Aquino,,,,,,,,Providence,,Manufacturing,US,,2026-02-05T16:09:13Z,2026-02-05T16:09:13Z,,,,,0,0,40
Roberto Benavides,RBENAVIDEA,Roberto Benavides,rbenavidea,rbenavidea@infopaxidentity.onmicrosoft.com,ZC:P2P:PO_CREATOR________:2000,P2P - PO-Creator - 2000 US,,Procurement & Supply Chain Analyst,Procurement & Supply Chain,,,True,Member,,,d4ea7ec6-0261-4b74-bb77-987746d73a63,Roberto,Benavides,,,,,,,,Providence,,Manufacturing,US,,2026-02-05T16:09:13Z,2026-02-05T16:09:13Z,,,,,0,0,41
Roberto Benavides,RBENAVIDEA,Roberto Benavides,rbenavidea,rbenavidea@infopaxidentity.onmicrosoft.com,ZC:P2P:PO_RELEASER_______:2000,P2P - PO-Releaser - 2000 US,,Procurement & Supply Chain Analyst,Procurement & Supply Chain,,,True,Member,,,d4ea7ec6-0261-4b74-bb77-987746d73a63,Roberto,Benavides,,,,,,,,Providence,,Manufacturing,US,,2026-02-05T16:09:13Z,2026-02-05T16:09:13Z,,,,,0,0,42
Rebecca Brereton,RBRERETON,Rebecca Brereton,rbrereton,rbrereton@infopaxidentity.onmicrosoft.com,ZC:P2P:PO_CREATOR________:2000,P2P - PO-Creator - 2000 US,,Procurement & Supply Chain Analyst,Procurement & Supply Chain,,,True,Member,,,ccca4819-180a-452c-a7a6-e28362a562bc,Rebecca,Brereton,,,,,,,,Providence,,Manufacturing,US,,2026-02-05T16:09:14Z,2026-02-05T16:09:14Z,,,,,0,0,43
Rebecca Brereton,RBRERETON,Rebecca Brereton,rbrereton,rbrereton@infopaxidentity.onmicrosoft.com,ZC:P2P:PO_RELEASER_______:2000,P2P - PO-Releaser - 2000 US,,Procurement & Supply Chain Analyst,Procurement & Supply Chain,,,True,Member,,,ccca4819-180a-452c-a7a6-e28362a562bc,Rebecca,Brereton,,,,,,,,Providence,,Manufacturing,US,,2026-02-05T16:09:14Z,2026-02-05T16:09:14Z,,,,,0,0,44
Rose Cassy,RCASSY,Rose Cassy,rcassy,rcassy@infopaxidentity.onmicrosoft.com,ZC:P2P:PO_CREATOR________:2000,P2P - PO-Creator - 2000 US,,Procurement & Supply Chain Analyst,Procurement & Supply Chain,,,True,Member,,,e92efe39-0531-43d0-bc05-bb6129dbf753,Rose,Cassy,,,,,,,,Providence,,Manufacturing,US,,2026-02-05T16:09:14Z,2026-02-05T16:09:14Z,,,,,0,0,45
Rose Cassy,RCASSY,Rose Cassy,rcassy,rcassy@infopaxidentity.onmicrosoft.com,ZC:P2P:PO_RELEASER_______:2000,P2P - PO-Releaser - 2000 US,,Procurement & Supply Chain Analyst,Procurement & Supply Chain,,,True,Member,,,e92efe39-0531-43d0-bc05-bb6129dbf753,Rose,Cassy,,,,,,,,Providence,,Manufacturing,US,,2026-02-05T16:09:14Z,2026-02-05T16:09:14Z,,,,,0,0,46
Riyanti Dewi,RDEWI,Riyanti Dewi,rdewi,rdewi@infopaxidentity.onmicrosoft.com,ZC:P2P:PO_CREATOR________:2000,P2P - PO-Creator - 2000 US,,Procurement & Supply Chain Analyst,Procurement & Supply Chain,,,True,Member,,,5dc108ec-015c-4f3e-bdcd-ab2348500c00,Riyanti,Dewi,,,,,,,,Providence,,Manufacturing,US,,2026-02-05T16:09:14Z,2026-02-05T16:09:14Z,,,,,0,0,47
Riyanti Dewi,RDEWI,Riyanti Dewi,rdewi,rdewi@infopaxidentity.onmicrosoft.com,ZC:P2P:PO_RELEASER_______:2000,P2P - PO-Releaser - 2000 US,,Procurement & Supply Chain Analyst,Procurement & Supply Chain,,,True,Member,,,5dc108ec-015c-4f3e-bdcd-ab2348500c00,Riyanti,Dewi,,,,,,,,Providence,,Manufacturing,US,,2026-02-05T16:09:14Z,2026-02-05T16:09:14Z,,,,,0,0,48
Ryoji Goda,RGODA,Ryoji Goda,rgoda,rgoda@infopaxidentity.onmicrosoft.com,ZC:P2P:PO_CREATOR________:2000,P2P - PO-Creator - 2000 US,,Procurement & Supply Chain Analyst,Procurement & Supply Chain,,,True,Member,,,2d1c8462-a853-4c72-ab53-8047c0f2bcb7,Ryoji,Goda,,,,,,,,Providence,,Manufacturing,US,,2026-02-05T16:09:14Z,2026-02-05T16:09:14Z,,,,,0,0,49
Ryoji Goda,RGODA,Ryoji Goda,rgoda,rgoda@infopaxidentity.onmicrosoft.com,ZC:P2P:PO_RELEASER_______:2000,P2P - PO-Releaser - 2000 US,,Procurement & Supply Chain Analyst,Procurement & Supply Chain,,,True,Member,,,2d1c8462-a853-4c72-ab53-8047c0f2bcb7,Ryoji,Goda,,,,,,,,Providence,,Manufacturing,US,,2026-02-05T16:09:14Z,2026-02-05T16:09:14Z,,,,,0,0,50
Ryan Harris,RHARRIS,Ryan Harris,rharris,rharris@infopaxidentity.onmicrosoft.com,ZC:P2P:PO_CREATOR________:2000,P2P - PO-Creator - 2000 US,,Procurement & Supply Chain Analyst,Procurement & Supply Chain,,,True,Member,,,380d5ec0-503d-4fdf-9c73-3b706aad865b,Ryan,Harris,,,,,,,,Providence,,Manufacturing,US,,2026-02-05T16:09:14Z,2026-02-05T16:09:14Z,,,,,0,0,51
Ryan Harris,RHARRIS,Ryan Harris,rharris,rharris@infopaxidentity.onmicrosoft.com,ZC:P2P:PO_RELEASER_______:2000,P2P - PO-Releaser - 2000 US,,Procurement & Supply Chain Analyst,Procurement & Supply Chain,,,True,Member,,,380d5ec0-503d-4fdf-9c73-3b706aad865b,Ryan,Harris,,,,,,,,Providence,,Manufacturing,US,,2026-02-05T16:09:14Z,2026-02-05T16:09:14Z,,,,,0,0,52
Richard Harrison,RHARRISON,Richard Harrison,rharrison,rharrison@infopaxidentity.onmicrosoft.com,ZC:P2P:PO_CREATOR________:2000,P2P - PO-Creator - 2000 US,,Procurement & Supply Chain Analyst,Procurement & Supply Chain,,,True,Member,,,430b99b3-0237-4102-919a-efab0b4efda5,Richard,Harrison,,,,,,,,Eugene,,Manufacturing,US,,2026-02-05T16:09:14Z,2026-02-05T16:09:14Z,,,,,0,0,53
Richard Harrison,RHARRISON,Richard Harrison,rharrison,rharrison@infopaxidentity.onmicrosoft.com,ZC:P2P:PO_RELEASER_______:2000,P2P - PO-Releaser - 2000 US,,Procurement & Supply Chain Analyst,Procurement & Supply Chain,,,True,Member,,,430b99b3-0237-4102-919a-efab0b4efda5,Richard,Harrison,,,,,,,,Eugene,,Manufacturing,US,,2026-02-05T16:09:14Z,2026-02-05T16:09:14Z,,,,,0,0,54
Ruby Olmos,ROLMOS,Ruby Olmos,rolmos,rolmos@infopaxidentity.onmicrosoft.com,ZC:P2P:PO_CREATOR________:2000,P2P - PO-Creator - 2000 US,,Procurement & Supply Chain Analyst,Procurement & Supply Chain,,,True,Member,,,3df454a8-6f72-4ffa-a55d-5b7e06c0e989,Ruby,Olmos,,,,,,,,Eugene,,Manufacturing,US,,2026-02-05T16:09:14Z,2026-02-05T16:09:14Z,,,,,0,0,55
Ruby Olmos,ROLMOS,Ruby Olmos,rolmos,rolmos@infopaxidentity.onmicrosoft.com,ZC:P2P:PO_RELEASER_______:2000,P2P - PO-Releaser - 2000 US,,Procurement & Supply Chain Analyst,Procurement & Supply Chain,,,True,Member,,,3df454a8-6f72-4ffa-a55d-5b7e06c0e989,Ruby,Olmos,,,,,,,,Eugene,,Manufacturing,US,,2026-02-05T16:09:14Z,2026-02-05T16:09:14Z,,,,,0,0,56
Renate Schreiber,RSCHREIBER,Renate Schreiber,rschreiber,rschreiber@infopaxidentity.onmicrosoft.com,ZC:P2P:PO_CREATOR________:2000,P2P - PO-Creator - 2000 US,,Procurement & Supply Chain Analyst,Procurement & Supply Chain,,,True,Member,,,ee701c39-6515-4434-9ace-018585a70c00,Renate,Schreiber,,,,,,,,Eugene,,Manufacturing,US,,2026-02-05T16:09:14Z,2026-02-05T16:09:14Z,,,,,0,0,57
Renate Schreiber,RSCHREIBER,Renate Schreiber,rschreiber,rschreiber@infopaxidentity.onmicrosoft.com,ZC:P2P:PO_RELEASER_______:2000,P2P - PO-Releaser - 2000 US,,Procurement & Supply Chain Analyst,Procurement & Supply Chain,,,True,Member,,,ee701c39-6515-4434-9ace-018585a70c00,Renate,Schreiber,,,,,,,,Eugene,,Manufacturing,US,,2026-02-05T16:09:14Z,2026-02-05T16:09:14Z,,,,,0,0,58
Rie Shima,RSHIMA,Rie Shima,rshima,rshima@infopaxidentity.onmicrosoft.com,ZC:P2P:PO_CREATOR________:2000,P2P - PO-Creator - 2000 US,,Procurement & Supply Chain Analyst,Procurement & Supply Chain,,,True,Member,,,65abaabe-bfe9-4fa0-9613-7b3e55a7f87d,Rie,Shima,,,,,,,,Eugene,,Manufacturing,US,,2026-02-05T16:09:14Z,2026-02-05T16:09:14Z,,,,,0,0,59
Rie Shima,RSHIMA,Rie Shima,rshima,rshima@infopaxidentity.onmicrosoft.com,ZC:P2P:PO_RELEASER_______:2000,P2P - PO-Releaser - 2000 US,,Procurement & Supply Chain Analyst,Procurement & Supply Chain,,,True,Member,,,65abaabe-bfe9-4fa0-9613-7b3e55a7f87d,Rie,Shima,,,,,,,,Eugene,,Manufacturing,US,,2026-02-05T16:09:14Z,2026-02-05T16:09:14Z,,,,,0,0,60
Rachel Smith,RSMITH,Rachel Smith,rsmith,rsmith@infopaxidentity.onmicrosoft.com,ZC:P2P:PO_CREATOR________:2000,P2P - PO-Creator - 2000 US,,Procurement & Supply Chain Analyst,Procurement & Supply Chain,,,True,Member,,,e01cb341-9003-4ecb-844b-962b2c5ee6ce,Rachel,Smith,,,,,,,,Eugene,,Manufacturing,US,,2026-02-05T16:09:14Z,2026-02-05T16:09:14Z,,,,,0,0,61
Rachel Smith,RSMITH,Rachel Smith,rsmith,rsmith@infopaxidentity.onmicrosoft.com,ZC:P2P:PO_RELEASER_______:2000,P2P - PO-Releaser - 2000 US,,Procurement & Supply Chain Analyst,Procurement & Supply Chain,,,True,Member,,,e01cb341-9003-4ecb-844b-962b2c5ee6ce,Rachel,Smith,,,,,,,,Eugene,,Manufacturing,US,,2026-02-05T16:09:14Z,2026-02-05T16:09:14Z,,,,,0,0,62
Reem Yahfoufi,RYAHFOUFI,Reem Yahfoufi,ryahfoufi,ryahfoufi@infopaxidentity.onmicrosoft.com,ZC:P2P:PO_CREATOR________:2000,P2P - PO-Creator - 2000 US,,Procurement & Supply Chain Analyst,Procurement & Supply Chain,,,True,Member,,,8fb0ac9f-cc01-440f-b4d1-c3aba4cdf610,Reem,Yahfoufi,,,,,,,,Eugene,,Manufacturing,US,,2026-02-05T16:09:14Z,2026-02-05T16:09:14Z,,,,,0,0,63
Reem Yahfoufi,RYAHFOUFI,Reem Yahfoufi,ryahfoufi,ryahfoufi@infopaxidentity.onmicrosoft.com,ZC:P2P:PO_RELEASER_______:2000,P2P - PO-Releaser - 2000 US,,Procurement & Supply Chain Analyst,Procurement & Supply Chain,,,True,Member,,,8fb0ac9f-cc01-440f-b4d1-c3aba4cdf610,Reem,Yahfoufi,,,,,,,,Eugene,,Manufacturing,US,,2026-02-05T16:09:14Z,2026-02-05T16:09:14Z,,,,,0,0,64
Setio Abadi,SABADI,Setio Abadi,sabadi,sabadi@infopaxidentity.onmicrosoft.com,ZC:P2P:PO_CREATOR________:2000,P2P - PO-Creator - 2000 US,,Procurement & Supply Chain Analyst,Procurement & Supply Chain,,,True,Member,,,0e74058c-c4b9-472c-8fea-7b147afcbbab,Setio,Abadi,,,,,,,,Eugene,,Manufacturing,US,,2026-02-05T16:09:14Z,2026-02-05T16:09:14Z,,,,,0,0,65
Setio Abadi,SABADI,Setio Abadi,sabadi,sabadi@infopaxidentity.onmicrosoft.com,ZC:P2P:PO_RELEASER_______:2000,P2P - PO-Releaser - 2000 US,,Procurement & Supply Chain Analyst,Procurement & Supply Chain,,,True,Member,,,0e74058c-c4b9-472c-8fea-7b147afcbbab,Setio,Abadi,,,,,,,,Eugene,,Manufacturing,US,,2026-02-05T16:09:14Z,2026-02-05T16:09:14Z,,,,,0,0,66
Sophia Anderson,SANDERSON,Sophia Anderson,sanderson,sanderson@infopaxidentity.onmicrosoft.com,ZC:P2P:PO_CREATOR________:2000,P2P - PO-Creator - 2000 US,,Procurement & Supply Chain Analyst,Procurement & Supply Chain,,,True,Member,,,df6eae38-219d-4397-be8b-d7c81e6428aa,Sophia,Anderson,,,,,,,,Eugene,,Manufacturing,US,,2026-02-05T16:09:14Z,2026-02-05T16:09:14Z,,,,,0,0,67
Sophia Anderson,SANDERSON,Sophia Anderson,sanderson,sanderson@infopaxidentity.onmicrosoft.com,ZC:P2P:PO_RELEASER_______:2000,P2P - PO-Releaser - 2000 US,,Procurement & Supply Chain Analyst,Procurement & Supply Chain,,,True,Member,,,df6eae38-219d-4397-be8b-d7c81e6428aa,Sophia,Anderson,,,,,,,,Eugene,,Manufacturing,US,,2026-02-05T16:09:14Z,2026-02-05T16:09:14Z,,,,,0,0,68
Sten Bergström,SBERGSTROM,Sten Bergström,sbergstrom,sbergstrom@infopaxidentity.onmicrosoft.com,ZC:P2P:PO_CREATOR________:2000,P2P - PO-Creator - 2000 US,,Procurement & Supply Chain Analyst,Procurement & Supply Chain,,,True,Member,,,9c8873e3-7fad-4dba-a797-3c8106cc7f34,Sten,Bergström,,,,,,,,Eugene,,Manufacturing,US,,2026-02-05T16:09:14Z,2026-02-05T16:09:14Z,,,,,0,0,69
Sten Bergström,SBERGSTROM,Sten Bergström,sbergstrom,sbergstrom@infopaxidentity.onmicrosoft.com,ZC:P2P:PO_RELEASER_______:2000,P2P - PO-Releaser - 2000 US,,Procurement & Supply Chain Analyst,Procurement & Supply Chain,,,True,Member,,,9c8873e3-7fad-4dba-a797-3c8106cc7f34,Sten,Bergström,,,,,,,,Eugene,,Manufacturing,US,,2026-02-05T16:09:14Z,2026-02-05T16:09:14Z,,,,,0,0,70
Sara David,SDAVID,Sara David,sdavid,sdavid@infopaxidentity.onmicrosoft.com,ZC:P2P:PO_CREATOR________:2000,P2P - PO-Creator - 2000 US,,Procurement & Supply Chain Analyst,Procurement & Supply Chain,,,True,Member,,,7cf8a2c2-6fb8-48e9-b645-606f921f5de3,Sara,David,,,,,,,,Eugene,,Manufacturing,US,,2026-02-05T16:09:14Z,2026-02-05T16:09:14Z,,,,,0,0,71
Sara David,SDAVID,Sara David,sdavid,sdavid@infopaxidentity.onmicrosoft.com,ZC:P2P:PO_RELEASER_______:2000,P2P - PO-Releaser - 2000 US,,Procurement & Supply Chain Analyst,Procurement & Supply Chain,,,True,Member,,,7cf8a2c2-6fb8-48e9-b645-606f921f5de3,Sara,David,,,,,,,,Eugene,,Manufacturing,US,,2026-02-05T16:09:14Z,2026-02-05T16:09:14Z,,,,,0,0,72
Sofia Davidsson,SDAVIDSSON,Sofia Davidsson,sdavidsson,sdavidsson@infopaxidentity.onmicrosoft.com,ZC:P2P:PO_CREATOR________:2000,P2P - PO-Creator - 2000 US,,Procurement & Supply Chain Analyst,Procurement & Supply Chain,,,True,Member,,,8bd165df-89ba-460b-a325-a0a7f7fda28a,Sofia,Davidsson,,,,,,,,Nashville,,Manufacturing,US,,2026-02-05T16:09:14Z,2026-02-05T16:09:14Z,,,,,0,0,73
Sofia Davidsson,SDAVIDSSON,Sofia Davidsson,sdavidsson,sdavidsson@infopaxidentity.onmicrosoft.com,ZC:P2P:PO_RELEASER_______:2000,P2P - PO-Releaser - 2000 US,,Procurement & Supply Chain Analyst,Procurement & Supply Chain,,,True,Member,,,8bd165df-89ba-460b-a325-a0a7f7fda28a,Sofia,Davidsson,,,,,,,,Nashville,,Manufacturing,US,,2026-02-05T16:09:14Z,2026-02-05T16:09:14Z,,,,,0,0,74
Samuel Germany la Cruz,SDECRUZ,Samuel Germany la Cruz,sdecruz,sdecruz@infopaxidentity.onmicrosoft.com,ZC:P2P:PO_CREATOR________:2000,P2P - PO-Creator - 2000 US,,Procurement & Supply Chain Analyst,Procurement & Supply Chain,,,True,Member,,,24c0affd-1580-48e8-9690-599575e92fa5,Samuel,Germany la Cruz,,,,,,,,Nashville,,Manufacturing,US,,2026-02-05T16:09:14Z,2026-02-05T16:09:14Z,,,,,0,0,75
Samuel Germany la Cruz,SDECRUZ,Samuel Germany la Cruz,sdecruz,sdecruz@infopaxidentity.onmicrosoft.com,ZC:P2P:PO_RELEASER_______:2000,P2P - PO-Releaser - 2000 US,,Procurement & Supply Chain Analyst,Procurement & Supply Chain,,,True,Member,,,24c0affd-1580-48e8-9690-599575e92fa5,Samuel,Germany la Cruz,,,,,,,,Nashville,,Manufacturing,US,,2026-02-05T16:09:14Z,2026-02-05T16:09:14Z,,,,,0,0,76
Stephanie Dewaele,SDEWAELE,Stephanie Dewaele,sdewaele,sdewaele@infopaxidentity.onmicrosoft.com,ZC:P2P:PO_CREATOR________:2000,P2P - PO-Creator - 2000 US,,Procurement & Supply Chain Analyst,Procurement & Supply Chain,,,True,Member,,,cff0497a-de69-4aab-827c-3528af679f55,Stephanie,Dewaele,,,,,,,,Nashville,,Manufacturing,US,,2026-02-05T16:09:15Z,2026-02-05T16:09:15Z,,,,,0,0,77
Stephanie Dewaele,SDEWAELE,Stephanie Dewaele,sdewaele,sdewaele@infopaxidentity.onmicrosoft.com,ZC:P2P:PO_RELEASER_______:2000,P2P - PO-Releaser - 2000 US,,Procurement & Supply Chain Analyst,Procurement & Supply Chain,,,True,Member,,,cff0497a-de69-4aab-827c-3528af679f55,Stephanie,Dewaele,,,,,,,,Nashville,,Manufacturing,US,,2026-02-05T16:09:15Z,2026-02-05T16:09:15Z,,,,,0,0,78
Sven Falk,SFALK,Sven Falk,sfalk,sfalk@infopaxidentity.onmicrosoft.com,ZC:P2P:PO_CREATOR________:2000,P2P - PO-Creator - 2000 US,,Procurement & Supply Chain Analyst,Procurement & Supply Chain,,,True,Member,,,d13c2d79-aa0d-4b2b-a9ba-afb1ded66fe0,Sven,Falk,,,,,,,,Nashville,,Manufacturing,US,,2026-02-05T16:09:15Z,2026-02-05T16:09:15Z,,,,,0,0,79
Sven Falk,SFALK,Sven Falk,sfalk,sfalk@infopaxidentity.onmicrosoft.com,ZC:P2P:PO_RELEASER_______:2000,P2P - PO-Releaser - 2000 US,,Procurement & Supply Chain Analyst,Procurement & Supply Chain,,,True,Member,,,d13c2d79-aa0d-4b2b-a9ba-afb1ded66fe0,Sven,Falk,,,,,,,,Nashville,,Manufacturing,US,,2026-02-05T16:09:15Z,2026-02-05T16:09:15Z,,,,,0,0,80
Sumire Fukuyama,SFUKUYAMA,Sumire Fukuyama,Sfukuyama,Sfukuyama@infopaxidentity.onmicrosoft.com,ZC:P2P:PO_CREATOR________:2000,P2P - PO-Creator - 2000 US,,Procurement & Supply Chain Analyst,Procurement & Supply Chain,,,True,Member,,,9a67156e-a369-42e2-9d36-8503615ad14d,Sumire,Fukuyama,,,,,,,,Nashville,,Manufacturing,US,,2026-02-05T16:09:15Z,2026-02-05T16:09:15Z,,,,,0,0,81
Sumire Fukuyama,SFUKUYAMA,Sumire Fukuyama,Sfukuyama,Sfukuyama@infopaxidentity.onmicrosoft.com,ZC:P2P:PO_RELEASER_______:2000,P2P - PO-Releaser - 2000 US,,Procurement & Supply Chain Analyst,Procurement & Supply Chain,,,True,Member,,,9a67156e-a369-42e2-9d36-8503615ad14d,Sumire,Fukuyama,,,,,,,,Nashville,,Manufacturing,US,,2026-02-05T16:09:15Z,2026-02-05T16:09:15Z,,,,,0,0,82
Sofia Gomez,SGOMEZ,Sofia Gomez,sgomez,sgomez@infopaxidentity.onmicrosoft.com,ZC:P2P:PO_CREATOR________:2000,P2P - PO-Creator - 2000 US,,Procurement & Supply Chain Analyst,Procurement & Supply Chain,,,True,Member,,,566c16e9-3454-4163-8b4f-2828785f3f75,Sofia,Gomez,,,,,,,,Nashville,,Manufacturing,US,,2026-02-05T16:09:15Z,2026-02-05T16:09:15Z,,,,,0,0,83
Sofia Gomez,SGOMEZ,Sofia Gomez,sgomez,sgomez@infopaxidentity.onmicrosoft.com,ZC:P2P:PO_RELEASER_______:2000,P2P - PO-Releaser - 2000 US,,Procurement & Supply Chain Analyst,Procurement & Supply Chain,,,True,Member,,,566c16e9-3454-4163-8b4f-2828785f3f75,Sofia,Gomez,,,,,,,,Nashville,,Manufacturing,US,,2026-02-05T16:09:15Z,2026-02-05T16:09:15Z,,,,,0,0,84
Sven Heinrich,SHEINRICH,Sven Heinrich,sheinrich,sheinrich@infopaxidentity.onmicrosoft.com,ZC:P2P:PO_CREATOR________:2000,P2P - PO-Creator - 2000 US,,Procurement & Supply Chain Analyst,Procurement & Supply Chain,,,True,Member,,,9b18f51c-83b3-4115-9c87-a29ff7563b98,Sven,Heinrich,,,,,,,,Nashville,,Manufacturing,US,,2026-02-05T16:09:15Z,2026-02-05T16:09:15Z,,,,,0,0,85
Sven Heinrich,SHEINRICH,Sven Heinrich,sheinrich,sheinrich@infopaxidentity.onmicrosoft.com,ZC:P2P:PO_RELEASER_______:2000,P2P - PO-Releaser - 2000 US,,Procurement & Supply Chain Analyst,Procurement & Supply Chain,,,True,Member,,,9b18f51c-83b3-4115-9c87-a29ff7563b98,Sven,Heinrich,,,,,,,,Nashville,,Manufacturing,US,,2026-02-05T16:09:15Z,2026-02-05T16:09:15Z,,,,,0,0,86
Stephen Jacobs,SJACOBS,Stephen Jacobs,sjacobs,sjacobs@infopaxidentity.onmicrosoft.com,ZC:P2P:PO_CREATOR________:2000,P2P - PO-Creator - 2000 US,,Procurement & Supply Chain Analyst,Procurement & Supply Chain,,,True,Member,,,ac5cfef8-96c4-4170-b55e-498920f43e61,Stephen,Jacobs,,,,,,,,Nashville,,Manufacturing,US,,2026-02-05T16:09:15Z,2026-02-05T16:09:15Z,,,,,0,0,87
Stephen Jacobs,SJACOBS,Stephen Jacobs,sjacobs,sjacobs@infopaxidentity.onmicrosoft.com,ZC:P2P:PO_RELEASER_______:2000,P2P - PO-Releaser - 2000 US,,Procurement & Supply Chain Analyst,Procurement & Supply Chain,,,True,Member,,,ac5cfef8-96c4-4170-b55e-498920f43e61,Stephen,Jacobs,,,,,,,,Nashville,,Manufacturing,US,,2026-02-05T16:09:15Z,2026-02-05T16:09:15Z,,,,,0,0,88
Samantha@bestrun Jose,SJOSE,Samantha@bestrun Jose,sjose,sjose@infopaxidentity.onmicrosoft.com,ZC:P2P:PO_CREATOR________:2000,P2P - PO-Creator - 2000 US,,Procurement & Supply Chain Analyst,Procurement & Supply Chain,,,True,Member,,,131d94cb-c6fb-4080-8037-554be5d2979f,Samantha@bestrun,Jose,,,,,,,,Nashville,,Manufacturing,US,,2026-02-05T16:09:15Z,2026-02-05T16:09:15Z,,,,,0,0,89
Samantha@bestrun Jose,SJOSE,Samantha@bestrun Jose,sjose,sjose@infopaxidentity.onmicrosoft.com,ZC:P2P:PO_RELEASER_______:2000,P2P - PO-Releaser - 2000 US,,Procurement & Supply Chain Analyst,Procurement & Supply Chain,,,True,Member,,,131d94cb-c6fb-4080-8037-554be5d2979f,Samantha@bestrun,Jose,,,,,,,,Nashville,,Manufacturing,US,,2026-02-05T16:09:15Z,2026-02-05T16:09:15Z,,,,,0,0,90
Sylvia Kusumawati,SKUSUMA,Sylvia Kusumawati,skusuma,skusuma@infopaxidentity.onmicrosoft.com,ZC:P2P:PO_CREATOR________:2000,P2P - PO-Creator - 2000 US,,Procurement & Supply Chain Analyst,Procurement & Supply Chain,,,True,Member,,,48f9a06c-9636-44d8-b203-bbd8f289ec25,Sylvia,Kusumawati,,,,,,,,Nashville,,Manufacturing,US,,2026-02-05T16:09:15Z,2026-02-05T16:09:15Z,,,,,0,0,91
Sylvia Kusumawati,SKUSUMA,Sylvia Kusumawati,skusuma,skusuma@infopaxidentity.onmicrosoft.com,ZC:P2P:PO_RELEASER_______:2000,P2P - PO-Releaser - 2000 US,,Procurement & Supply Chain Analyst,Procurement & Supply Chain,,,True,Member,,,48f9a06c-9636-44d8-b203-bbd8f289ec25,Sylvia,Kusumawati,,,,,,,,Nashville,,Manufacturing,US,,2026-02-05T16:09:15Z,2026-02-05T16:09:15Z,,,,,0,0,92
Sebastian Lemann,SLEMANN,Sebastian Lemann,slemann,slemann@infopaxidentity.onmicrosoft.com,ZC:P2P:PO_CREATOR________:2000,P2P - PO-Creator - 2000 US,,Procurement & Supply Chain Analyst,Procurement & Supply Chain,,,True,Member,,,9f5bea90-eb7b-402f-9889-4e924eab7089,Sebastian,Lemann,,,,,,,,Nashville,,Manufacturing,US,,2026-02-05T16:09:15Z,2026-02-05T16:09:15Z,,,,,0,0,93
Sebastian Lemann,SLEMANN,Sebastian Lemann,slemann,slemann@infopaxidentity.onmicrosoft.com,ZC:P2P:PO_RELEASER_______:2000,P2P - PO-Releaser - 2000 US,,Procurement & Supply Chain Analyst,Procurement & Supply Chain,,,True,Member,,,9f5bea90-eb7b-402f-9889-4e924eab7089,Sebastian,Lemann,,,,,,,,Nashville,,Manufacturing,US,,2026-02-05T16:09:15Z,2026-02-05T16:09:15Z,,,,,0,0,94
Smaxwell@bestrun Maxwell,SMAXWELL,Smaxwell@bestrun Maxwell,smaxwell,smaxwell@infopaxidentity.onmicrosoft.com,ZC:P2P:PO_CREATOR________:2000,P2P - PO-Creator - 2000 US,,Procurement & Supply Chain Analyst,Procurement & Supply Chain,,,True,Member,,,c6996d39-a018-4ef1-b1e2-ca3d52e25ded,Smaxwell@bestrun,Maxwell,,,,,,,,Nashville,,Manufacturing,US,,2026-02-05T16:09:15Z,2026-02-05T16:09:15Z,,,,,0,0,95
Smaxwell@bestrun Maxwell,SMAXWELL,Smaxwell@bestrun Maxwell,smaxwell,smaxwell@infopaxidentity.onmicrosoft.com,ZC:P2P:PO_RELEASER_______:2000,P2P - PO-Releaser - 2000 US,,Procurement & Supply Chain Analyst,Procurement & Supply Chain,,,True,Member,,,c6996d39-a018-4ef1-b1e2-ca3d52e25ded,Smaxwell@bestrun,Maxwell,,,,,,,,Nashville,,Manufacturing,US,,2026-02-05T16:09:15Z,2026-02-05T16:09:15Z,,,,,0,0,96
Susana Meias,SMEIAS,Susana Meias,sMeias,sMeias@infopaxidentity.onmicrosoft.com,ZC:P2P:PO_CREATOR________:2000,P2P - PO-Creator - 2000 US,,Procurement & Supply Chain Analyst,Procurement & Supply Chain,,,True,Member,,,f4377c52-d93e-4f93-a5bc-b81c28f1e5ae,Susana,Meias,,,,,,,,Eugene,,Manufacturing,US,,2026-02-05T16:09:14Z,2026-02-05T16:09:14Z,,,,,0,0,97
Susana Meias,SMEIAS,Susana Meias,sMeias,sMeias@infopaxidentity.onmicrosoft.com,ZC:P2P:PO_RELEASER_______:2000,P2P - PO-Releaser - 2000 US,,Procurement & Supply Chain Analyst,Procurement & Supply Chain,,,True,Member,,,f4377c52-d93e-4f93-a5bc-b81c28f1e5ae,Susana,Meias,,,,,,,,Eugene,,Manufacturing,US,,2026-02-05T16:09:14Z,2026-02-05T16:09:14Z,,,,,0,0,98
Stephanie Oberlinger,SOBERLINGER,Stephanie Oberlinger,soberlinger,soberlinger@infopaxidentity.onmicrosoft.com,ZC:P2P:PO_CREATOR________:2000,P2P - PO-Creator - 2000 US,,Procurement & Supply Chain Analyst,Procurement & Supply Chain,,,True,Member,,,e3386ab1-f3f2-42a4-b987-ed9fb3cbc5ea,Stephanie,Oberlinger,,,,,,,,Nashville,,Manufacturing,US,,2026-02-05T16:09:15Z,2026-02-05T16:09:15Z,,,,,0,0,99
Stephanie Oberlinger,SOBERLINGER,Stephanie Oberlinger,soberlinger,soberlinger@infopaxidentity.onmicrosoft.com,ZC:P2P:PO_RELEASER_______:2000,P2P - PO-Releaser - 2000 US,,Procurement & Supply Chain Analyst,Procurement & Supply Chain,,,True,Member,,,e3386ab1-f3f2-42a4-b987-ed9fb3cbc5ea,Stephanie,Oberlinger,,,,,,,,Nashville,,Manufacturing,US,,2026-02-05T16:09:15Z,2026-02-05T16:09:15Z,,,,,0,0,100
Sono@bestrun Ono,SONO,Sono@bestrun Ono,Sono,Sono@infopaxidentity.onmicrosoft.com,ZC:P2P:PO_CREATOR________:2000,P2P - PO-Creator - 2000 US,,Procurement & Supply Chain Analyst,Procurement & Supply Chain,,,True,Member,,,e2d360e3-f0d3-41e0-be2a-dd607286c0b0,Sono@bestrun,Ono,,,,,,,,Nashville,,Manufacturing,US,,2026-02-05T16:09:15Z,2026-02-05T16:09:15Z,,,,,0,0,101
Sono@bestrun Ono,SONO,Sono@bestrun Ono,Sono,Sono@infopaxidentity.onmicrosoft.com,ZC:P2P:PO_RELEASER_______:2000,P2P - PO-Releaser - 2000 US,,Procurement & Supply Chain Analyst,Procurement & Supply Chain,,,True,Member,,,e2d360e3-f0d3-41e0-be2a-dd607286c0b0,Sono@bestrun,Ono,,,,,,,,Nashville,,Manufacturing,US,,2026-02-05T16:09:15Z,2026-02-05T16:09:15Z,,,,,0,0,102
Sarahp@bestrun Parker,SPARKER,Sarahp@bestrun Parker,sparker,sparker@infopaxidentity.onmicrosoft.com,ZC:P2P:PO_CREATOR________:1000,P2P - PO-Creator - 1000 UK,,Procurement & Supply Chain Analyst,Procurement & Supply Chain,,,True,Member,,,3f15840f-6122-4d4b-82be-f6675025fc11,Sarahp@bestrun,Parker,,,,,,,,Port Sunlight,,Manufacturing,GB,,2026-02-05T16:09:15Z,2026-02-05T16:09:15Z,,,,,0,0,103
Sarahp@bestrun Parker,SPARKER,Sarahp@bestrun Parker,sparker,sparker@infopaxidentity.onmicrosoft.com,ZC:P2P:PO_RELEASER_______:1000,P2P - PO-Releaser - 1000 UK,,Procurement & Supply Chain Analyst,Procurement & Supply Chain,,,True,Member,,,3f15840f-6122-4d4b-82be-f6675025fc11,Sarahp@bestrun,Parker,,,,,,,,Port Sunlight,,Manufacturing,GB,,2026-02-05T16:09:15Z,2026-02-05T16:09:15Z,,,,,0,0,104
Sheila@bestrun Patricia,SPATRICIA,Sheila@bestrun Patricia,spatricia,spatricia@infopaxidentity.onmicrosoft.com,ZC:P2P:PO_CREATOR________:1000,P2P - PO-Creator - 1000 UK,,Procurement & Supply Chain Analyst,Procurement & Supply Chain,,,True,Member,,,efc1009f-cf87-483b-b16b-1c91c5652aa5,Sheila@bestrun,Patricia,,,,,,,,Port Sunlight,,Manufacturing,GB,,2026-02-05T16:09:15Z,2026-02-05T16:09:15Z,,,,,0,0,105
Sheila@bestrun Patricia,SPATRICIA,Sheila@bestrun Patricia,spatricia,spatricia@infopaxidentity.onmicrosoft.com,ZC:P2P:PO_RELEASER_______:1000,P2P - PO-Releaser - 1000 UK,,Procurement & Supply Chain Analyst,Procurement & Supply Chain,,,True,Member,,,efc1009f-cf87-483b-b16b-1c91c5652aa5,Sheila@bestrun,Patricia,,,,,,,,Port Sunlight,,Manufacturing,GB,,2026-02-05T16:09:15Z,2026-02-05T16:09:15Z,,,,,0,0,106
Sally Rosen,SROSEN,Sally Rosen,srosen,srosen@infopaxidentity.onmicrosoft.com,ZC:P2P:PO_CREATOR________:1000,P2P - PO-Creator - 1000 UK,,Procurement & Supply Chain Analyst,Procurement & Supply Chain,,,True,Member,,,748d3d9d-731e-4194-ac7a-13939e49d4df,Sally,Rosen,,,,,,,,Port Sunlight,,Manufacturing,GB,,2026-02-05T16:09:15Z,2026-02-05T16:09:15Z,,,,,0,0,107
Sally Rosen,SROSEN,Sally Rosen,srosen,srosen@infopaxidentity.onmicrosoft.com,ZC:P2P:PO_RELEASER_______:1000,P2P - PO-Releaser - 1000 UK,,Procurement & Supply Chain Analyst,Procurement & Supply Chain,,,True,Member,,,748d3d9d-731e-4194-ac7a-13939e49d4df,Sally,Rosen,,,,,,,,Port Sunlight,,Manufacturing,GB,,2026-02-05T16:09:15Z,2026-02-05T16:09:15Z,,,,,0,0,108
Sward Ward,SWARD,SWARD,sward,sward@infopaxidentity.onmicrosoft.com,ZC:FIN:BUDGET_APPROVER___:2000,FIN - Budget-Approver - 2000 US,,Finance Manager,Finance,,,True,Member,,,160fdb97-989e-412c-9d96-28bef98667d3,Sward,Ward,,,,,,,,New York,,Sales & Regional,US,,2026-02-05T16:09:21Z,2026-02-05T16:09:21Z,,,,,0,0,109
Sward Ward,SWARD,SWARD,sward,sward@infopaxidentity.onmicrosoft.com,ZC:FIN:FINANCE_MANAGER___:2000,FIN - Finance Manager - 2000 US,,Finance Manager,Finance,,,True,Member,,,160fdb97-989e-412c-9d96-28bef98667d3,Sward,Ward,,,,,,,,New York,,Sales & Regional,US,,2026-02-05T16:09:21Z,2026-02-05T16:09:21Z,,,,,0,0,110
Toby Davies,TDAVIES,Toby Davies,tdavies,tdavies@infopaxidentity.onmicrosoft.com,ZC:DFE:WAREHOUSE_MANAGER_:1000,DFE - Warehouse Manager - 1000 UK,,Manufacturing Territory Manager 2,Manufacturing,,,True,Member,,,e89e42f8-5842-4b9f-82b2-2c6b10cbf33e,Toby,Davies,,,,,,,,Port Sunlight,,Manufacturing,GB,,2026-02-05T16:08:25Z,2026-02-05T16:08:25Z,,,,,0,0,111
Terrance Tod,TTOD,Terrance Tod,ttod,ttod@infopaxidentity.onmicrosoft.com,ZC:DFE:WAREHOUSE_MANAGER_:2000,DFE - Warehouse Manager - 2000 US,,Manufacturing Territory Manager 3,Manufacturing,,,True,Member,,,11ccc092-bfb9-4fa6-8184-0b4632212a9f,Terrance,Tod,,,,,,,,Nashville,,Manufacturing,US,,2026-02-05T16:08:25Z,2026-02-05T16:08:25Z,,,,,0,0,112
